source1_entity_id	candidate_entity_ids
S1-925783039	S2-517291332,S3-997698194,S2-157377754,S2-141689655,S2-994650999,S2-426845985,S2-483330747,S2-338096415,S3-854352001,S3-419842955,S3-14427751,S2-809537861,S3-942030288,S3-463440060,S2-293992631,S3-723332133,S3-360217375,S3-308258578,S3-654820358,S3-81708532,S2-110234581,S3-963414879,S3-827013282,S2-387650046,S3-795736623,S2-457695192,S3-996308351,S3-206733142,S3-40540271,S3-410151694,S2-265234159,S3-766820445,S2-962227377,S2-973998458,S2-642558420,S3-425569133,S3-494659590,S2-470914905,S3-698172821,S3-199603066,S2-137340653,S2-925814746,S3-944085499,S2-979832672,S2-871151648,S2-923473308,S3-571623982,S3-756176772,S3-484370591,S2-769333300
S1-773889195	S3-189140669,S2-374107005,S2-970528089,S2-815933250,S2-264174772,S2-552676761,S2-371901524,S2-741307891,S2-781747097,S2-30518090,S3-251488714,S3-916505146,S2-901469790,S2-560241124,S2-670125701,S2-687021252,S3-471534810,S2-793458973,S2-794844632,S2-39160640,S2-941071758,S2-886415377,S2-461393755,S3-412941228,S2-209038972,S3-250132909,S3-82119420,S2-366322903,S2-873230499,S2-24739257,S2-599540148,S3-607125523,S3-784368380,S3-274601172,S3-255387250,S2-911712753,S2-10899760,S3-354708783,S3-817716179,S3-81777136,S3-320188088,S2-162062955,S2-508128254,S2-408436196,S3-785008515,S3-962719504,S3-690216235,S2-288154736,S3-110886977,S3-586265090
S1-377745466	S3-782681980,S2-247379994,S2-203037501,S3-519396937,S3-402918963,S3-210453584,S3-836170816,S2-144682432,S3-531388419,S3-455372297,S3-569058042
S1-133037285	S3-567174157,S3-16023922,S2-125715386,S3-50570123,S2-842026189,S2-12277364,S3-807756567,S3-311595371,S2-831310210,S3-546610422,S2-328711613,S3-336463118,S2-228753613,S3-181203852,S3-826569003,S3-51511490,S3-940895145,S2-184402475,S2-387504930,S2-992950596,S3-259032197,S3-923837369,S3-574108748,S3-876640975,S2-857556839,S2-116829652,S2-956336467,S3-886338405,S2-786223429,S2-638041429,S3-53247804,S3-515506909,S2-914628617,S2-156093430,S3-132111311,S3-990750347,S2-819477377,S3-246260684,S2-694431460,S3-38214711,S3-504829804,S3-57597171,S3-34701993,S2-534432135,S2-64110025,S2-719408306,S3-334619299,S2-513555420,S3-49865200,S2-726697643
S1-755362802	S2-592845169,S2-171065733,S2-831808705,S3-20069766,S2-415038346,S2-52917255,S2-241952155,S2-825545173,S3-795703766,S3-801838124,S3-297672865,S3-787176707,S3-228980508,S3-145743659,S3-682190428,S2-630899157,S2-69377665,S2-179022268,S2-398668304,S2-695362888,S2-364532097,S3-797083082,S2-423403348,S2-894167232,S3-6824981,S2-696171527,S3-627022229,S3-122374299,S3-439594581,S2-954998489,S2-154541650,S2-108001142,S2-591332040,S2-305490190,S2-141164638,S3-57188709,S2-255341244,S2-255165531,S2-984373918,S2-974107926,S2-955192002,S2-900214223,S3-433859384,S3-706166893,S3-767463365,S2-385345436,S3-226268514,S3-771092796,S3-929713419,S2-959079851
S1-851869949	S3-807524060,S2-927279796,S2-225152150,S2-427280552,S2-717774743,S2-654745000,S2-29250892,S2-885588538,S2-612412669,S2-737222260,S2-115284962,S2-914078387,S2-616527084,S2-985054362,S2-687330938,S2-847513408,S2-51728143,S2-137360333,S2-914160565,S2-393174776,S2-956153260,S2-479196445,S2-107442119,S2-806155921,S2-238707595,S2-552257088,S2-140729338,S2-95374634,S2-728770517,S2-931150231,S2-399471485,S2-805703135,S2-576718571,S2-226801021,S2-363954394,S2-934201152,S2-632880643,S2-826133710,S2-916703873,S2-469083082,S3-665546450,S3-197971216,S3-51429248,S3-388880154,S2-203302799,S3-923953009,S2-862252842,S2-899232453,S2-833778102,S2-109149353
S1-785847572	S2-996736676,S2-395389219,S2-316187589,S2-89751190,S3-801395554,S3-943437724,S2-31826777,S3-948163592,S3-117071366,S3-381151239,S2-682432196,S3-145991649,S2-32046115,S2-164190611,S2-136041364,S3-244347731,S2-919296671,S2-425675847,S2-363865406,S2-802643275,S2-157077557,S2-605124578,S2-455917984,S2-241547870,S2-661458658,S2-935858353,S3-651564730,S3-366714466,S3-824414049,S3-761342023,S3-961412500,S3-392598672,S3-658870607,S3-499298172,S3-373393708,S3-446565905,S3-528935771,S3-804052920,S3-542130435,S3-623767108,S2-10962483,S3-567417406,S3-5764029,S2-770369058,S2-887783970,S2-560512597,S2-228441594,S3-755638489,S3-346291777,S2-743004024
S1-27541239	S2-85756610,S2-563573129,S2-59546355,S3-893131105,S2-755366621,S3-881206018,S2-502880116,S2-143216377,S3-636260212,S2-382723040,S2-385860400,S2-804092078,S2-577230403,S2-644360343,S3-562089697,S3-997214929,S2-421334946,S2-223132854,S3-356483790,S2-753794237,S2-838391541,S2-432477055,S2-968236290,S3-658097099,S2-574434149,S2-644373942,S3-80928987,S2-247886713,S3-29392637,S3-790110709,S3-222530688,S3-248564826,S3-746281761,S3-935590576,S2-650571616,S3-931603230,S2-59792003,S3-940738351,S2-975055402,S3-971236838,S3-751897886,S3-557116333,S2-739885812,S3-534119289,S2-71412107,S3-985956258,S3-737353879,S3-519584483,S3-296997730,S2-636548458
S1-629417405	S3-962449159,S3-786131946,S2-522538408,S3-557674123,S3-690514507,S2-732933145,S3-169631540,S3-457116148,S2-792836785,S3-327720040,S3-420713127,S3-381387350,S3-446678924,S2-167653035,S3-382764978,S3-503924089,S3-943701761,S3-451317398,S3-103085174,S3-85081984,S2-695261290,S2-390088568,S3-437157648,S3-244810873,S2-140475143,S2-430624900,S2-770602368,S2-268622564,S3-436879371,S2-358027369,S3-796308606,S2-303879043,S2-235811317,S3-219674188,S3-319645019,S3-217785313,S3-555642580,S2-215327777,S3-366477861,S3-827365164,S3-170017387,S2-254070096,S3-283556736,S2-354461987,S3-904386952,S3-598202717,S3-326366174,S2-180888125,S3-184558826,S3-340148839
S1-22305073	S3-221070872,S3-183589405,S2-664469298,S2-701563709,S2-911876385,S2-718397250,S2-921998766,S2-252149526,S2-352261946,S2-897139223,S2-142493582,S2-253306862,S2-486138723,S2-386294214,S2-861041047,S2-283690711,S2-924851073,S2-365411029,S2-510770562,S2-248364289,S2-15714211,S2-385118767,S2-126230079,S2-502565702,S2-831328964,S2-815111547,S2-207983512,S2-735960962,S2-477001346,S2-332832797,S2-424385413,S2-872642392,S2-683099965,S2-722327067,S2-156988628,S2-744021396,S2-221322673,S2-900366185,S2-696228164,S2-76772152,S2-692392846,S2-102140236,S2-292225227,S2-635366055,S2-700876552,S2-677668128,S2-231615081,S2-986644538,S2-406720291,S2-335775808
S1-504790211	S3-582752221,S2-509814353,S2-264024957,S2-886325586,S2-774164630,S2-153667636,S2-548985854,S2-818524367,S2-758570154,S2-124482731,S2-105462317,S2-821592963,S2-364423904,S2-382949190,S2-102993628,S2-551049158,S2-2302412,S2-269892043,S2-14810584,S2-255783362,S2-673083686,S2-472394114,S2-217811685,S2-567505146,S2-761986087,S2-429229325,S2-545804191,S2-553495935,S3-150842200,S3-813973721,S3-125839198,S3-16495340,S3-546321380,S3-314764117,S3-581214572,S3-837946274,S3-342618981,S3-686295858,S3-112644913,S3-527286858,S3-662257736,S3-719720995,S3-358531105,S3-198618314,S2-106702360,S3-986259121,S2-462693804,S2-46566939,S2-77603984,S2-905365248
S1-564729135	S3-699224826,S3-122948746,S3-87807211,S2-572380478,S2-455679736,S3-341378892,S2-428497065,S2-723155255,S3-704559901,S2-126459156,S3-445914823,S2-278830798,S3-321344692,S3-314924972,S2-688228319,S3-777617825,S3-491038168,S2-185666190,S3-858572969,S3-860170748,S3-783595456,S3-481766176,S2-65788542,S3-966546025,S2-661707720,S3-40155811,S2-249204364,S3-825352350,S2-384467753,S3-867309394,S3-346432662,S2-465955842,S2-745730554,S3-133592663,S3-664533068,S3-894660767,S3-249026257,S3-542471694,S3-291230741,S3-316535295,S3-385458433,S3-620060001,S3-266965096,S2-350918818,S3-96606825,S3-277884398,S3-961716898,S2-15476723,S3-481054712,S3-207823201
S1-236312382	S2-69010626,S3-873253706,S3-935869470,S3-975902445,S3-404400397,S2-405096239,S3-384225259,S2-299852799,S2-821552186,S2-363900558,S2-865382593,S3-415381194,S3-868822836,S3-629196975,S3-166885348,S3-491851671,S3-762633866,S2-887268826,S2-817312492,S2-637463022,S3-642711403,S3-818132970,S2-953934305,S2-801941735,S2-196407617,S2-12581893,S2-558731840,S2-44816803,S3-349010051,S2-649466005,S2-301316973,S3-58168530,S3-386771687,S2-405145417,S3-782473659,S3-982327404,S3-885951428,S3-973145550,S2-115609031,S2-250795021,S3-94430189,S3-349516487,S2-736164550,S2-846518151,S3-402471982,S2-151452581,S3-913443835,S3-611497238,S2-520030343,S2-464651116
S1-865131206	S2-517477590,S2-915658750,S3-711738044,S3-285966999,S3-278125636,S2-788415714,S2-316740415,S2-340726883,S2-903237189,S2-78501825,S2-158358320,S3-685849460,S2-876037007,S2-465526384,S2-729374981,S3-358895950,S3-242655508,S3-235752728,S2-361242901,S3-450225933,S3-97459354,S2-651732907,S2-725229130,S2-112351360,S2-226897644,S2-617606666,S3-906410495,S2-451075041,S3-235465896,S2-971182094,S2-236017299,S2-16884205,S2-373002251,S3-162203875,S3-346996664,S2-548286806,S3-646480439,S3-536138515,S3-893927988,S3-847698989,S3-975179009,S2-967661254,S3-73934445,S3-411696649,S3-250972809,S2-195041438,S2-775359530,S3-669849847,S3-546701223,S3-374336544
S1-626914593	S2-563003232,S2-254762083,S2-577787485,S2-959880143,S2-735232238,S2-257682298,S2-996229859,S2-839019423,S2-399663900,S2-771802651,S2-288337652,S2-357047869,S2-449802545,S2-591909750,S2-64340581,S2-156355169,S2-682831832,S2-403567503,S2-635139179,S2-370635068,S2-390829198,S2-3530823,S2-48181475,S2-972849430,S2-505691166,S2-713726099,S2-1736744,S2-564592684,S2-905627133,S2-680760333,S2-801705469,S2-107699374,S2-385966248,S2-956815709,S2-620674302,S2-957256848,S2-327198589,S2-283190961,S2-637846778,S2-467743997,S2-721552916,S2-82868449,S2-64140688,S2-96644843,S2-761116065,S2-7929085,S2-226042547,S2-956482046,S2-849059883,S2-514617320
S1-765734254	S3-443541055,S2-137573744,S3-161097395,S2-156753828,S3-231942521,S3-392778993,S2-24606442,S2-516970093,S3-799567902,S3-738532674,S2-267454980,S2-442776785,S2-204192229,S2-836851156,S2-750101630,S2-922900373,S2-893242445,S2-138929890,S2-597121239,S2-973623819,S2-303710337,S2-540388195,S2-137268646,S2-860381373,S2-540698378,S2-8341497,S3-929091237,S3-311333643,S3-648627550,S3-475262673,S3-717175138,S3-124833417,S3-423004080,S3-315351822,S3-433229144,S3-59268083,S3-755939130,S3-594516356,S3-464496166,S3-460273357,S2-823797083,S2-645361703,S3-117966738,S3-647516828,S3-85098089,S2-924864420,S2-197395985,S2-916506016,S2-476643957,S2-546821402
S1-82053739	S3-583059179,S3-948546478,S3-148907008,S2-464603395,S3-878312234,S3-800559914,S3-83605439,S3-214241337,S3-388452593,S3-666211099,S3-275943112,S2-831200140,S2-835982767,S3-635535852,S2-920195931,S3-66345806,S3-744789332,S3-65055957,S3-276680613,S3-129246844,S3-179339827,S3-461398565,S3-868707895,S2-921626568,S3-144639588,S3-967982312,S2-918115313,S2-603103401,S2-858724228,S3-873912355,S3-785276928,S3-228775750,S2-747947756,S3-374679479,S3-185777655,S3-256022947,S3-772346467,S3-863221192,S2-537258563,S3-973617525,S2-822019647,S2-433518447,S3-595822910,S3-180123197,S3-847364585,S3-640501779,S3-764373859,S2-481205203,S2-324669508,S2-83858838
S1-309349399	S2-334470670,S2-614040182,S2-898506041,S2-18107646,S2-186846007,S3-481844443,S2-668180629,S2-575734000,S3-4713098,S3-62698204,S3-26359267,S2-970555899,S3-254984287,S3-810467268,S3-393673151,S3-937552653,S2-900890861,S3-616167719,S2-225129703,S3-257231746,S3-402456147,S3-940365738,S2-820499125,S2-288609014,S3-585640859,S2-690871055,S2-366089305,S2-125322060,S3-307174067,S2-742517829,S2-739519971,S2-609242691,S2-270261675,S3-681003582,S2-757146530,S2-356657429,S3-450312765,S2-925873820,S3-157542844,S3-941087144,S2-959001323,S3-64993601,S3-816641697,S2-479994640,S3-268596120,S2-513965865,S3-485036449,S3-165431587,S2-977353184,S3-178263071
S1-221443075	S2-918961068,S2-861061618,S2-301524095,S3-957862014,S3-795548649,S3-795349514,S3-369888550,S3-686987467,S3-941964350,S3-815125209,S2-714940776,S3-360127180,S2-100432814,S3-821578861,S3-348126990,S3-921457396,S2-532696467
S1-341506266	S3-444516861,S3-131864962,S3-340941280,S2-183130476,S2-801439009,S2-315358662,S2-323323006,S3-926867757,S3-905026124,S3-50286102,S3-613135301,S3-757863975,S2-598408453,S2-590629206,S2-952442250,S2-820780585,S2-358011445,S2-306694285,S2-378701456,S3-46343238,S3-89617128,S3-383106544,S3-646487003,S3-74715886,S3-462659868,S3-520290916,S2-361915905,S2-795698657,S2-387524159,S2-665864620,S2-443164050,S3-660792968,S3-580788937,S3-660016902,S3-74781757,S3-593524067,S3-674193268,S2-681437344,S2-379940747,S2-732621583,S2-706777955,S2-38726127,S2-299800740,S3-709182599,S3-289934128,S3-711493614,S3-144318134,S3-999537939,S2-179096260,S3-127682375
S1-990319941	S3-386214852,S3-82184414,S3-81991970,S2-413516677,S3-214610817,S2-80568266,S3-544514618,S2-291726708,S2-181633374,S3-850817215,S2-177578179,S3-287922461,S3-958908133,S2-198325409,S3-829418839,S2-784553075,S3-209405752,S3-706638885,S3-798446156,S2-958937890,S3-428308697,S3-187612210,S3-361720879,S2-574339407,S3-885398391,S2-527443581,S2-506639661,S2-48180334,S2-794282413,S2-422008238,S3-139956414,S2-403549839,S3-924900029,S3-341167706,S2-111737600,S2-142408340,S2-941443544,S2-95835320,S2-696905719,S3-16481090,S2-679730401,S2-831270273,S3-946578578,S3-2218031,S2-254375227,S3-100047037,S3-335732325,S2-844349511,S3-525707099,S2-406036069
S1-597762257	S2-781225628,S2-5558105,S3-631468538,S2-153725054,S2-598489309,S2-538234477,S3-478382439,S2-950241929,S3-580434530,S3-618995176,S3-379347062,S2-868815425,S3-205822525,S3-310769248,S3-858923788,S3-680202781,S3-839591873,S3-9176367,S3-319078308,S3-222628954,S2-94994192,S2-353995923,S3-95045031,S2-814252943,S2-269434351,S3-969244653,S2-980662341,S2-887547619,S2-712848608,S2-152469386,S2-209019995,S3-616816024,S3-267509475,S3-861112271,S3-538734299,S3-727897647,S3-308219537,S2-415471199,S3-746162016,S3-929413626,S2-552679805,S3-257357135,S3-740450848,S2-139253172,S2-352277345,S2-522075756,S2-768859184,S2-330573270,S3-642102725,S2-611220698
S1-661315962	S3-558516991,S2-426851067,S3-240463008,S2-372241413,S2-581252903,S3-786489972,S3-716629697,S2-188750857,S3-517351889,S3-481192507,S2-930023335,S2-650578754,S2-663210028,S2-508469635,S3-458530272,S2-33028852,S2-285374910,S3-421424756,S2-537863697,S3-845408597,S3-838143547,S3-10466342,S2-745664226,S3-363988491,S3-463044392,S2-401817418,S3-910744343,S3-980752286,S3-199019756,S2-775839754,S3-16531919,S3-617012661,S3-418641611,S3-229563934,S2-192360489,S2-557960647,S3-915382572,S2-365472947,S2-465094000,S3-595320660,S2-730604624,S2-721569708,S2-69152061,S2-979094256,S2-870349495,S2-353227694,S2-646231735,S2-924848080,S2-685157125,S3-326470326
S1-716574008	S3-678385750,S3-996876227,S2-969986798,S2-910262187,S3-361149284,S3-468004986,S2-702405978,S2-677923160,S2-921741648,S3-224091225,S3-432055536,S3-224038891,S2-670242579,S2-691251212,S3-540731604,S3-126807920,S2-197644769,S2-954931299,S3-873742210,S3-637703682,S3-772012502,S3-751395255,S3-581411789,S3-574265999,S2-233999366,S2-757049332,S3-602027625,S3-224124443,S3-310751462,S2-937186339,S3-301222177,S2-676803094,S2-787029401,S3-52331092,S3-373363304,S2-467893163,S3-249724469,S3-484426539,S2-745132021,S2-218423851,S2-777687839,S2-614846231,S2-194718186,S3-405775049,S3-217017662,S2-346236770,S2-982374648,S2-291286370,S2-318663255,S2-188904925
S1-985038901	S3-705931971,S3-698157766,S2-283125989,S2-766536883,S3-454481083,S3-97148513,S2-396781683,S2-155508465,S3-993656973,S2-726507242,S3-779320880,S3-312682899,S3-3484576,S2-557587809,S3-988154292,S3-892495449,S2-421466849,S2-298439295,S2-991012336,S3-913734139,S3-415885142,S2-704657919,S2-11579913,S3-694764380,S2-151141098,S3-867386027,S2-174831839,S2-92557764,S2-450255353,S2-448004639,S2-885521348,S2-588297690,S2-791880856,S3-576230223,S3-684141552,S3-950823054,S3-89927727,S2-793898633,S2-732199800,S2-272208555,S3-624721444,S3-305450132,S2-517351266,S2-162814519,S3-729548666,S3-982680482,S2-122700629,S3-315450004,S3-758449720,S3-675711364
S1-404435514	S3-914396266,S3-163265851,S2-619058096,S2-129373452,S2-550659220,S2-418309430,S2-382447111,S2-53750331,S2-632943513,S2-408218498,S3-914223083,S2-762687898,S3-264919626,S3-556993311,S3-39949181,S3-711558159,S3-912045899,S3-924230108,S3-823974788,S2-661280143,S2-861687067,S2-227038311,S2-79396429,S2-219713298,S2-847654568,S2-959209527,S3-282580890,S2-794476251,S2-775363614,S2-578765732,S2-263705831,S2-279148777,S2-484628315,S3-776083839,S3-972229496,S3-751985722,S3-222531676,S3-566494746,S3-797039785,S3-94272079,S3-608864841,S3-904224554,S3-896535541,S3-82742574,S2-26482293,S2-743272274,S2-357093864,S3-373606612,S2-323272776,S2-231461610
S1-252242682	S2-456524607,S3-527367881,S2-84842746,S2-167308687,S2-568363011,S3-183065224
S1-981440385	S3-345144200,S2-198083311,S3-627165351,S3-208827228,S2-333169301,S2-374912494
S1-883973644	S2-761192698,S2-454776644,S2-807026347,S2-829414164,S2-414519646,S2-616179945,S2-724760051,S2-948652223,S2-361237878,S2-753552903,S2-771738883,S2-405489544,S2-799982353,S2-542320913,S2-40443963,S2-49393356,S2-273522922,S2-129772263,S2-591666683,S2-396823501,S2-232237798,S2-873332136,S2-680315149,S2-684205445,S2-618127880,S2-64476378,S2-805560782,S2-266297363,S2-83718751,S2-409171934,S2-403715575,S2-811668123,S2-192828668,S2-941697962,S2-568752834,S2-74205900,S2-616814626,S2-499955526,S2-199820785,S2-424248995,S2-400864294,S2-580722345,S2-559274746,S2-479892172,S2-333476361,S2-175864577,S2-555131348,S2-213110793,S2-843421888,S2-325440739
S1-17666546	S2-508717755,S2-541030106,S2-378749655,S3-790517402,S2-553423263,S2-341313901,S3-144249320,S2-417228749,S2-554617295,S2-398940234,S2-885420806,S2-907778241,S2-950614064,S2-440537001,S2-826772826,S2-444293721,S2-265395231,S2-465586524,S2-630454919,S2-126554902,S2-278805243,S2-863003750,S2-360632825,S2-726150859,S2-569349045,S2-33624081,S2-481509619,S2-189850800,S2-400288420,S2-805289078,S2-287718880,S2-958859829,S2-393149007,S2-351361528,S2-923557036,S2-985051167,S2-851305782,S2-348016983,S2-479910664,S2-262618737,S2-171339890,S2-982593247,S2-43606235,S2-342472657,S2-108261430,S2-978438946,S2-711128859,S2-368966007,S2-929415834,S2-291891666
S1-513115995	S2-280138829,S2-721618299,S2-875732099,S2-109960740,S2-910910070,S2-776275736,S2-446845185,S2-657966382,S2-504123022,S2-469748537,S2-338524029,S2-261127595,S2-739719540,S2-541472169,S2-990276502,S2-145502792,S2-295464797,S2-148920180,S2-554626474,S2-856637669,S2-580133115,S2-381049449,S3-192467984,S3-243958750,S3-970539707,S2-474424798,S3-622541846,S3-302934508,S3-209796445,S3-989663448,S3-92340028,S3-957529514,S3-631635822,S3-179342538,S3-170073312,S3-811707672,S3-150695968,S3-568452656,S3-725430233,S3-864864694,S3-603030064,S3-679530226,S3-996845076,S3-33875669,S3-859051076,S3-780764770,S3-50463928,S2-217547455,S2-698576950,S2-308001073
S1-791217329	S3-1488492,S3-174251307,S2-903446816,S3-914530348,S2-756751326,S3-193339936,S2-142970038,S2-522417167,S3-36044360,S2-681741860,S2-266160495,S2-397008099,S2-289005360,S2-283831663,S2-333466027,S2-510674494,S2-434534235,S2-286051937,S2-855829749,S2-356212210,S2-926516444,S2-760013049,S2-143321726,S2-947326333,S2-842465771,S2-577503797,S2-530857879,S3-105197093,S3-103321813,S3-386125167,S3-597713903,S3-973286718,S3-835577478,S3-411221265,S3-417666719,S3-912172578,S3-593895605,S3-935821387,S3-13282227,S3-788979381,S3-605073834,S3-234152980,S3-757430878,S3-566556251,S3-668012660,S2-448719599,S2-643641888,S2-903290188,S2-683919303,S2-929041126
S1-602913883	S2-880137000,S3-956365580,S2-586925756,S2-225746259,S2-275972525,S2-887847115,S2-359976750,S2-634765002,S2-680505767,S2-286258542,S2-35009850,S2-383092926,S2-700233085,S2-492625936,S2-394413769,S2-225826016,S2-386313093,S2-777326250,S2-643845389,S2-125362233,S2-167661503,S2-886365259,S2-581676456,S2-859895193,S2-145916992,S2-64159358,S2-847707994,S2-613724856,S2-916790589,S2-147021991,S2-778871096,S2-499081168,S2-436404372,S2-237043382,S2-754221905,S2-41686056,S2-316427025,S2-260411951,S2-257948594,S2-85005908,S2-52534035,S2-127674751,S2-59292799,S2-42312906,S2-118964528,S2-596529606,S2-512289231,S2-782668232,S2-565917414,S2-778896352
S1-401372098	S2-205646360,S3-418816843,S3-257207214,S3-284244813,S3-834024745,S3-636906427,S3-831109760,S2-970742178,S3-61053459,S2-408602477,S2-869483070,S2-817909465,S3-872012801,S3-893538256,S3-656091151,S2-581331975,S2-677134202,S2-122397823,S2-569365430,S2-459303132,S2-183745234,S3-278569559,S2-114920447,S2-300394756,S2-122810321,S2-635217106,S2-937106297,S2-867203934,S3-358107862,S3-940886259,S2-586521480,S3-933027614,S3-407478263,S2-23289835,S3-424001156,S2-428115412,S2-194268240,S3-393463159,S2-943964649,S2-650265309,S3-115885177,S3-602039910,S2-807931459,S3-25724655,S3-335719013,S3-798905858,S2-598640045,S2-876917492,S3-660323851,S2-529477340
S1-796227187	S2-356053713,S2-882398214,S2-534748811,S2-51079375,S2-375114889,S2-740489415,S2-121340446,S2-857118288,S2-475376601,S2-782400332,S2-876721098,S2-722045838,S2-443316218,S2-896220314,S2-294906615,S2-76624273,S2-798764123,S2-596457155,S2-506126704,S2-493081246,S2-162107493,S2-579920779,S2-888825665,S2-803457711,S2-793117794,S2-187766130,S2-380419451,S2-551114059,S2-560913514,S2-707743525,S2-44725999,S2-413748645,S2-685161713,S2-425335649,S2-847766463,S2-819790492,S2-452424700,S2-106081936,S2-137316075,S2-331311840,S2-302807946,S2-914603930,S2-691034577,S2-675698953,S2-559791530,S2-111136255,S2-122832518,S2-953724490,S2-695585102,S2-315392518
S1-945437722	S3-570426744,S3-908854912,S2-337628826,S3-893510944,S3-899742861,S3-747796259,S3-366108326,S2-706036438,S3-33815403,S3-755451977,S2-300960835,S3-500073406,S3-345429623,S2-416958438,S2-392519349,S3-69024040,S3-408115935,S3-319821631,S2-558695964,S3-910350604,S3-327044235,S2-436421585,S3-195307707,S2-733309543,S2-156162384,S3-519515684,S3-711177940,S3-537860608,S3-706685438,S2-246057584,S2-635400024,S2-118526193,S3-378057131,S3-898631689,S3-539431253,S2-75190024,S2-558426783,S2-260058406,S3-849073696,S3-521094872,S2-539363495,S2-532534263,S3-962320380,S2-490846157,S3-357522160,S2-114427741,S3-368348612,S2-696706186,S3-965058633,S3-395891385
S1-982210261	S2-240496833,S3-263109900,S2-981530348,S3-111114585,S2-532776877,S2-59855011,S2-445288348,S3-335685289,S2-591823057,S2-795295314,S3-811703874,S3-724446420,S3-946551007,S2-685280693,S2-311267155,S3-566298825,S3-580369108,S2-271183294,S3-865073981,S2-953541246,S2-664153003,S2-31344574
S1-976369483	S2-37913076,S3-788271203,S3-558328165,S2-126181351,S2-106027155,S3-424776444,S3-647842691,S2-929035298,S3-435391981,S2-21412330,S2-511616457,S2-856609454,S2-770422520,S2-759636115,S2-984109039,S3-960615760,S2-268873536,S2-328564069,S2-896291492,S2-887792401,S2-330772737,S3-296705189,S2-552765718,S3-408474559,S3-869682349,S2-236165829,S2-662865529,S3-803105346
S1-370715897	S2-812686863,S2-525053838,S3-647703887,S3-460169127,S3-199350346,S2-258363636,S3-193926665,S2-678989532,S2-85674169,S2-871940651,S2-619531994,S3-242898042,S3-135864475,S2-460554811,S3-188494066,S2-249860017,S3-639679106,S2-82297332,S2-542681798,S2-380050616,S3-499810776,S2-569617197,S2-394332272,S2-453772715,S3-693009849,S3-259631144,S3-199342798,S3-424203302,S2-828386846,S2-215992192,S2-186914000,S3-67583124,S3-429311543,S3-211552243,S2-815866783,S2-737797292,S2-406804537,S2-201896536,S3-200302884,S2-961738345,S2-799969254,S2-952237890,S2-923345920,S3-842243328,S3-481985836,S3-136967610,S3-575831773,S3-147162324,S2-6739378,S2-502253375
S1-27029362	S2-817774939,S2-798128288,S3-883141528,S3-731733574,S2-97000406,S2-795564883,S2-763449628,S3-314607603,S3-214411929,S3-688569314,S2-841922869,S2-448854793,S2-865753916,S2-523775206,S3-180649489,S2-595411337,S3-660900480,S2-658641573,S2-513982552,S2-137153245,S3-286107751,S2-634320479,S2-887254216,S2-296773560,S3-156686280,S2-818614098,S3-825282082,S3-793554814,S3-826787846,S2-604927041,S3-870845013,S2-7431318,S3-264631676,S2-165707418,S2-830712488,S2-877694678,S3-504115626,S2-167399535,S3-829303326,S2-13819159,S2-289232221,S2-225614477,S2-379622379,S2-623315724,S2-107002406,S2-786315322,S2-659922232,S2-86688618,S2-31405772,S2-757910779
S1-145829425	S3-898064155,S2-561844758,S2-597547471,S3-171820397,S3-737450851,S3-973124242,S2-846635261,S2-303447496,S2-313311602,S2-200973315,S2-167517117,S2-621874739,S2-947371714,S3-45926488,S3-336324017,S3-581181661,S3-879340425,S3-782992708,S3-486055582,S3-573735735,S3-268650394,S2-293728089,S3-6321890,S3-170085018,S2-152378941,S2-568468656,S2-763752925,S2-940563087,S2-78889575,S2-832119108,S2-132796813,S2-735597454,S2-398565769,S2-772450277,S2-638372155,S2-987379081,S2-86635026,S2-343496999,S3-454084253,S3-989615535,S3-828576953,S3-19422255,S3-367923857,S2-473149166,S3-406319829,S3-292564969,S2-444883407,S3-646710913,S2-809209320,S3-844754666
S1-993527714	S3-166453961,S2-156534818,S3-25238585,S3-493633228,S3-929010597,S3-263623084,S3-27166368,S3-500587325,S3-909877763,S3-480345051,S2-942639240,S3-552872592,S2-461829923,S2-756580215,S2-857165881,S2-205875700,S2-43434521,S2-50555866,S3-729707370,S3-238975475,S3-803431988,S2-252527607,S2-973724318,S3-198390208,S3-929953735,S3-491898254,S3-642403664,S3-827886013,S3-390518729,S3-121952669,S3-888920695,S3-265632848,S3-966309705,S3-265110185,S2-505578623,S2-825120287,S2-22385050,S2-585426445,S3-443523169,S3-77645504,S3-558568454,S3-571654416,S3-941022919,S3-523849066,S3-743658343,S3-185427146,S2-418703192,S3-562770638,S2-824496288,S2-711307819
S1-965555167	S2-980330710,S3-518434495,S2-885709952,S2-107766212,S2-475009533,S3-790058960,S2-660824688,S3-877689587,S3-601063997,S2-415437175,S3-221558511,S3-823780943,S3-920176481,S2-851882278,S2-42982337,S2-703772387,S2-218578112,S3-64105100,S3-14767204,S3-375267859,S2-590354026,S2-722940507,S3-206590340,S2-723988431,S3-483441413,S3-899908904,S3-925777951,S2-573156552,S3-91345396,S2-458304485,S2-584261395,S2-978671896,S3-46918742,S3-644635731,S3-667731345,S3-798689227,S3-579129681,S2-350006010,S2-187273229,S3-512105427,S2-214816013,S2-36772526,S2-262625766,S3-633117892,S3-377788929,S2-980189456,S3-224443120,S2-789895135,S3-63300908,S2-697558578
S1-151608539	S2-349412538,S2-146695932,S3-547969016,S2-984455476,S3-114190945,S3-493715157,S3-825712731,S3-973257541,S2-754245803,S2-150515551,S3-745817974,S2-161453287,S2-577566372,S2-831867738,S2-943843084,S2-45290718,S2-439898865,S2-123893645,S2-249114958,S3-331517430,S2-965580248,S2-869128968,S2-359072049,S3-649818183,S2-411283876,S2-618281201,S2-604747917,S3-307101624,S3-257876453,S2-979987731,S2-767721053,S2-18161736,S2-340317293,S2-823135430,S3-869748498,S3-195943938,S2-519981634,S2-699544224,S2-67480577,S3-112082856,S3-58087250,S3-681859900,S2-762040074,S3-109239255,S3-388786898,S3-495505072,S3-108810807,S3-896771110,S3-484045027,S2-465358481
S1-714672596	S2-894160086,S2-409908460,S2-469503348,S2-979516228,S2-713250494,S2-631817209,S2-109821305,S2-854349142,S2-647770009,S2-193514392,S2-229712417,S2-764289071,S2-49513761,S2-632926879,S2-982011318,S2-617010580,S2-951914234,S2-23834754,S2-908805165,S2-218298228,S2-361625043,S2-852002070,S2-663214426,S2-195405081,S2-154126301,S2-528127662,S2-251088733,S2-645946342,S2-144503779,S2-900580524,S2-510419024,S2-670628959,S2-244947524,S2-681931733,S2-928170780,S2-458471720,S2-512954895,S2-171170486,S2-312909743,S2-297857799,S2-466922064,S2-473949682,S2-378031494,S2-786508278,S2-913486155,S2-899947633,S2-510660057,S2-749908983,S2-686943314,S2-412103615
S1-134898809	S3-206982972,S3-701311109,S3-327010495,S3-528902337,S3-495782879,S2-676644655,S3-36761928,S3-787037955,S3-129957298,S3-551261223,S2-48476725,S3-707720142,S3-914134667,S3-739952447,S3-865993900,S3-802781022,S2-702204257,S3-184222358,S3-276494935,S3-943645468,S2-206575018,S3-457917573,S2-540938494,S3-892209487,S2-744873764,S2-453783472,S3-627189253,S3-813769182,S3-646844649,S3-259114990,S2-774206919,S2-956167490,S3-966467003,S3-361084318,S2-867056723,S2-915606611,S2-483419221,S2-910935535,S2-733711701,S2-638944943,S2-826339786,S2-909282308,S3-508250729,S2-740975299,S2-78947927,S3-644852293,S2-855904618,S3-759430163,S2-689397157,S2-130244441
S1-500841209	S3-480315753,S3-559512264,S3-819109766,S3-372323433,S2-813234754,S2-475192622,S2-883022606,S3-323927545,S3-813775905,S3-244410225,S2-847826098,S3-743966760,S3-767814208,S3-145649327,S3-99813605,S3-760457902,S3-597294712,S2-588071426,S2-270080078,S2-426610620,S2-597392026,S3-280022206,S3-847797403,S2-323387411,S2-284193199,S2-320055232,S2-764606192,S3-290829951,S2-333272249,S3-284559237,S2-560593015,S2-533458251,S2-314692309,S2-843497258,S3-387955281,S2-270285832,S3-732906037,S3-663203905,S3-481430933,S2-497965109,S3-518737773,S3-598733919,S2-530988926,S3-10456576,S3-553516240,S2-170249454,S3-962966812,S3-767314773,S2-23205577,S2-330004397
S1-855787505	S3-472011284,S3-383024733,S2-882093179,S3-611881530,S2-117237382,S3-174519452,S2-406454245,S3-566688082,S2-885236934,S3-992215971,S2-749231280,S3-680938296,S3-425553050,S3-513710244,S2-106227702,S2-861923167,S2-382201979,S3-102751162,S2-334874792,S2-781634762,S2-695300842,S3-20987113,S3-24584995,S2-523043790,S2-521485287,S3-422822995,S2-232443449,S3-132280394,S3-611637955,S2-487630323,S2-59365378,S3-141767285,S3-11664245,S3-969375132,S2-267163847,S3-848808830,S2-997660146,S3-934521033,S3-758126254,S3-34905379,S2-278980026,S3-516976102,S3-152462224,S3-797048413,S2-83226029,S3-887637766,S2-362903185,S3-731175029,S3-572546738,S3-536647405
S1-277072715	S3-450856713,S2-927450412,S3-44150808,S2-446328301,S3-617390306,S3-226245624,S2-24627713,S3-591247713,S3-648220631,S2-9236175,S3-685866787,S3-968286433,S3-133613675,S2-872896659,S2-267467557,S2-512464409,S2-459281376,S2-291895146,S2-791405077,S2-336159204,S2-810635406,S2-430026405,S2-100171644,S2-127869070,S3-472553986,S2-126315770,S2-681349003,S2-97031940,S3-243684859,S3-275462697,S3-890967509,S3-491268062,S3-588517921,S3-128772936,S3-408194490,S3-840578122,S3-387534610,S3-362016405,S3-446547142,S3-162395082,S3-792349235,S3-479344420,S3-249567478,S3-336629120,S2-378527670,S2-648426282,S3-357114685,S3-329143646,S2-30272224,S3-625668033
S1-269656551	S2-697036942,S3-757649571,S3-485464166,S3-998652819,S2-775676970,S3-195653658,S3-105342916,S2-88330495,S2-59441506,S2-383169866,S2-279405541,S2-304104334,S3-417752855,S2-185140088,S3-858759069,S2-67075668,S2-932561893,S3-265561636,S2-511007971,S2-965136917,S3-780682879,S3-498293616,S2-667949154,S3-637610456,S2-114733793,S3-996610780,S3-444238865,S2-873430798,S3-998419292,S2-927884712,S3-652138845,S2-161842436,S3-777164177,S3-740472292,S3-379702608,S2-639820755,S3-773405687,S3-263644153,S3-230591123,S3-56007205,S2-916513599,S3-439829561,S2-648455311,S2-455037091,S3-171374339,S3-648124368,S2-779034845,S2-956013192,S2-353896916,S3-226213518
S1-356020591	S3-915599795,S3-322334586
S1-627144525	S3-64083471,S2-741755112,S2-648023518,S3-364364007,S3-137991178,S2-315417107,S3-439699694,S3-589774462,S3-612592127,S2-911700920,S2-349859886,S2-128315523,S2-865771288,S2-61141033,S2-106303528,S2-262799196,S2-85931198,S2-376511866,S2-716692952,S2-366391027,S2-107459765,S2-66141772,S2-613250369,S2-336880119,S2-278357924,S2-822727856,S2-64317155,S3-7539157,S3-983173412,S3-473800367,S3-956996950,S3-534499145,S3-187328602,S3-7975726,S3-826490396,S3-878798672,S3-440285588,S3-635748074,S3-62433513,S3-402794780,S3-250868565,S3-592354194,S3-442474450,S3-117968414,S3-47505419,S2-864531797,S2-978699527,S2-682589082,S2-796169128,S2-525522504
S1-514155563	S3-488868527,S2-307662957,S3-770605052,S2-43275453,S3-100182470,S2-752079811,S2-11187831,S3-436296085,S2-127868998,S2-310362858,S3-889212215,S3-131425131,S2-789955314,S2-459806358,S3-122049832,S2-761557906,S2-110840910,S3-831053493,S3-511293810,S2-708749688,S3-886175510,S2-915030166,S3-374983573,S2-314802558,S2-356135990,S3-224417409,S3-557764099,S2-941421676,S2-715103063,S3-488374629,S3-568581350,S3-513926363,S3-765387959,S2-333318838,S2-772279709,S3-214039211,S2-94534949,S2-252130764,S3-836797597,S3-705859378,S3-311072343,S3-251727097,S3-732834874,S3-92033442,S3-54908638,S2-751874107,S3-646715438,S2-825044729,S3-597367705,S2-441518618
S1-942221484	S2-575424170,S3-686152183,S2-735457572,S2-821141287,S2-445816515,S2-147391919,S2-634679398,S2-374000131,S2-871677741,S2-188816454,S2-137175222,S2-842152891,S2-235273441,S2-439320434,S2-185319580,S2-994042933,S2-246057193,S2-851257941,S2-14829716,S2-424395744,S2-862251533,S2-174347339,S2-653186321,S2-67888630,S2-510591852,S2-166551887,S2-565821718,S2-320972248,S2-312496692,S2-10893092,S2-394227221,S2-555059558,S2-119280412,S2-164728309,S2-69352341,S3-396590502,S3-154595020,S3-167756162,S3-298133862,S3-203981117,S3-167567582,S3-216802952,S3-329226705,S3-241666875,S3-152806404,S2-665174008,S3-608200120,S2-986219496,S2-924836022,S2-578003272
S1-966462381	S3-910178682,S3-816720679,S2-910146281,S3-229777665,S3-670615680,S2-689835455,S2-8630313,S2-559190302,S2-688310024,S3-720048103,S2-179586633,S3-292489059,S3-800126768,S2-639505905,S3-831464023,S3-902301935,S2-341800888,S3-990346796
S1-681392030	S3-51004437,S3-340243016,S2-466050936,S3-756084276,S2-70321439,S2-399407527,S3-19320795,S3-592796419,S3-711750749,S2-632811692,S2-231483141,S3-224972094,S2-221692410,S3-731890397,S3-262099499,S2-876987758,S3-235990892,S3-911081783,S2-620876937,S3-846223185,S3-502147826,S2-970211256,S2-754303180,S3-933921188,S3-476447318,S3-366505127,S3-738013181,S3-6452397,S3-735613585,S2-29715490,S2-171777972,S2-897809314,S2-94709491,S2-43317965,S2-292339787,S3-269574540,S2-360969307,S3-669064872,S3-929389740,S3-412075962,S2-89695256,S3-566874458,S2-201607073,S2-23749271,S3-700049839,S2-579319210,S3-453391905,S3-378896875,S2-983708083,S3-583892164
S1-492467148	S3-878765393,S3-994794351,S2-97576436,S3-40668158,S3-213205133,S3-762792446,S3-709161164,S3-46962226,S3-303228118,S2-706649847,S2-204491407,S2-748576053,S3-384431922,S2-435579386,S3-759575932,S2-533516308,S2-432259596,S2-291753106,S3-523516697,S2-550762002,S3-279012266,S2-368448781,S3-199092231,S2-215548587,S3-185927583,S3-458503369,S3-128114529,S2-639650817,S2-537707034,S3-401795874,S2-75141004,S3-178421278,S3-552903024,S2-207135650,S3-193255290,S2-520687414,S2-71455824,S3-850526866,S3-86474249,S3-17955028,S3-226928049,S3-721528304,S2-460397909,S3-476757431,S2-848881403,S3-180714934,S2-159669901,S3-371017556,S3-882859107,S3-403645908
S1-791867209	S3-698772725,S2-16223635,S2-315615997,S3-97298234,S2-37277696,S2-446571757,S2-306528429,S2-65746523
S1-951599976	S2-227003925,S2-864253056,S2-549890827,S2-939172894,S2-913773625,S2-16101540,S2-355640475,S2-621867888,S2-732808965,S2-917920550,S2-736975249,S2-68337483,S2-177267780,S2-792944818,S2-451960503,S2-309268352,S2-318934196,S2-274540235,S2-414875985,S2-583981376,S2-86101326,S2-200191022,S2-352390557,S2-76798856,S2-958977837,S2-636791987,S2-440640630,S2-843058959,S2-471702150,S2-614866245,S2-342368437,S2-583808391,S2-729401393,S2-40609967,S2-309855643,S2-918418890,S2-142879439,S2-628248101,S2-567073125,S3-267619055,S3-359002441,S3-14644847,S3-238888413,S3-822642181,S2-159522876,S3-534824799,S2-303264320,S2-126207378,S2-576698899,S2-448262446
S1-315450523	S2-945125430,S3-29388148,S2-918199789,S2-418417427,S3-194610237,S3-450549267,S2-614709173,S2-282935512,S3-268399465,S2-132610945,S3-612214307,S2-880083010,S2-273861649,S3-210436558,S3-734715429,S3-196524978,S3-958007640,S3-190088736,S3-20124751,S3-557764480,S3-380078718,S2-291077602,S2-177635078,S2-806659396,S2-819554117,S3-937619591,S3-502535979,S3-492138721,S3-778426808,S3-923717587,S3-156881288,S2-65976585,S2-608827316,S2-699166886,S3-635928887,S3-597989795,S3-114082642,S2-512139720,S2-22506197,S2-149154121,S2-997188899,S2-400555792,S2-480967731,S3-308735476,S3-193084676,S3-822257594,S3-278076714,S2-121512485,S3-688983470,S2-28567617
S1-666876590	S3-644650299,S3-991776952,S3-20969768,S2-749740964,S3-200413842,S3-320862169,S3-489412297,S3-508204273,S3-964063148,S2-715589796,S3-504854773,S3-719214349,S3-265623748,S2-451767332,S3-814165596,S3-799956130,S3-127675507,S3-280471472,S3-81075516,S2-449730410,S3-213948841,S3-924935298,S3-984638704,S3-876468764,S3-75627386,S3-935604506,S2-175219437,S3-209135997,S2-664782698,S2-490824574,S2-103106006,S2-915758902,S3-798317603,S3-344400465,S3-890854828,S3-331685716,S3-522378084,S2-258793919,S3-700813844,S3-371001053,S3-847656632,S3-628123218,S3-43130991,S3-510398998,S3-616433444,S3-419856386,S2-553781442,S3-323856200,S3-941934810,S2-672481306
S1-913301865	S2-501080638,S2-871917871,S3-58853115,S3-180684658,S3-835772436,S2-760892204,S2-255004235,S2-16898701,S2-612893698,S2-662693884,S2-105720104,S2-804564527,S2-14586301,S2-436893178,S2-19909446,S2-476159095,S2-395961426,S2-298381080,S2-596572669,S2-623094073,S2-227361898,S2-852948100,S2-16665403,S2-791292211,S2-687253456,S2-741747359,S2-939322657,S2-432172680,S2-634842146,S2-379858428,S2-981491256,S2-990115135,S2-148510840,S2-928462733,S2-752747166,S2-11931386,S2-947017630,S2-649833621,S2-991991768,S2-636960029,S2-895261939,S2-510035425,S2-921384120,S2-383843030,S2-777769800,S2-190487481,S2-352635681,S2-133885155,S2-165918131,S2-521319480
S1-216181354	S3-540528800,S3-22116727,S3-136614265,S2-498484682,S3-490653373,S2-818260070,S2-28294847,S2-452947844,S2-393523895,S3-393819785,S2-424450656,S3-769022657,S3-174511368,S3-786567104,S2-653496117,S3-542285423,S2-385223447,S2-675096494,S2-249513987,S2-58956289,S2-226284775,S2-888622053,S2-398982835,S2-863899643,S2-14899096,S2-378320162,S2-465580536,S2-84647200,S2-911145662,S2-379084734,S2-966062406,S2-410880249,S2-68320105,S2-345147510,S2-338946777,S2-739545178,S2-129060305,S2-934630432,S2-346955690,S2-424919195,S2-624109514,S2-869002924,S2-903660079,S2-224684664,S2-814617551,S2-691395614,S2-603948203,S2-239927270,S2-474457774,S2-53874557
S1-454111437	S2-617784610,S3-71605967,S2-24631451,S2-711852811,S3-866728493,S3-995588545,S3-391095578,S2-636328109,S3-88852368,S2-790403370,S3-644613026,S2-171575965
S1-960158214	S3-414038428,S2-358996304,S2-552343324,S3-624761390,S2-832730850,S3-408724604,S2-258236487,S2-334362159,S2-583906171,S3-35230800,S2-956325775,S2-364319191,S2-432665329,S2-425228096,S2-904234586,S2-518109805,S2-584475164,S3-576477958,S3-10240682,S2-728438958,S3-640802902,S3-668147300,S3-914372730,S2-390780663,S3-869127613,S3-62088343,S2-148624157,S2-725071791,S2-457169705,S2-804495278,S2-875874155,S2-837038930,S3-580970521,S2-226801870,S2-860741426,S3-187747798,S3-532535687,S3-716265454,S2-505181777,S2-567199396,S2-217025972,S3-418454103,S2-563702174,S2-720969297,S2-959165198,S3-628164196,S3-258020680,S2-395552430,S3-401315284,S3-651783629
S1-743171772	S2-556427757,S2-207157749,S2-540046465,S2-805453715,S2-534938305,S2-756849728,S2-116087497,S2-325881980,S2-346599745,S2-548907436,S2-444710026,S2-41582327,S2-852384878,S2-820103955,S2-678781309,S2-314498622,S2-931881879,S2-584531385,S2-782492607,S2-271989369,S2-702827997,S2-437702033,S2-661010329,S2-566036632,S2-874779259,S2-917145043,S2-857543384,S2-758399559,S2-975898186,S2-495199157,S2-530931608,S2-21939945,S2-398212299,S2-468869676,S2-287629122,S2-958662375,S2-787612093,S2-157272161,S2-641114871,S2-513251530,S2-456254044,S2-354072259,S2-856608020,S2-219071638,S2-21062717,S2-724697776,S2-750688081,S2-642772040,S2-806640923,S2-262072786
S1-965549055	S2-646973285,S2-357464223,S2-876040265,S2-217035580,S2-395396797,S2-69050696,S2-60946590,S2-855361934,S2-779779552,S2-381010422,S2-866395003,S2-202490305,S2-48640253,S2-110081676,S2-948828968,S2-579653886,S2-487048849,S2-422020132,S2-496605262,S2-473740885,S2-449990284,S2-268465421,S2-396752518,S3-713213069,S3-829600979,S3-932161856,S3-49549023,S3-564730035,S3-722149512,S3-216642368,S3-649413490,S3-398206138,S3-658349436,S3-794610943,S3-898259385,S3-171417304,S3-488907121,S3-316813723,S3-611784602,S3-770722676,S3-99812868,S3-913408632,S3-121303580,S2-267579392,S2-893625098,S3-317353860,S2-901895840,S2-757738952,S2-705138351,S2-213381129
S1-947119891	S2-267054443,S2-928987636,S3-537292450,S2-888964719,S3-596406831,S3-445850748,S2-229882718,S2-825477928,S3-220315707,S2-657688704,S3-945596136,S2-456744133,S3-821310496,S3-890841938,S2-114229984,S2-537685106,S3-368240515,S3-807530245,S3-608000041,S2-834208402,S3-209463282,S2-135681657,S3-580639329,S3-959022147,S2-302848360,S2-200370929,S2-869699473,S2-260046643,S3-888082009,S2-652041414,S2-917773025,S2-55088977,S2-528192458,S3-601906987,S2-110905996,S2-710754694,S2-977967650,S3-849233993,S2-574190100,S3-651834329,S3-354537600,S2-441230802,S3-95766482,S2-50464001,S2-518874157,S3-183770877,S3-962778560,S2-167666915,S3-688978528,S3-883745955
S1-511561869	S3-223470686,S3-526947744,S3-195462157,S2-414560620
S1-302710833	S3-832396384,S2-38296531,S2-546588882,S3-349747,S3-139044389,S3-728921768,S2-564262733,S3-292994755,S2-177510714,S2-863228323,S3-113609830,S3-257836140,S3-662387252,S2-953991950,S2-928626446,S2-407186061,S3-427566920,S3-182759375,S3-77639341,S3-441068285,S2-184966940,S2-79080300,S2-67247724,S2-739443831,S3-723032352,S2-383142679,S3-660015484,S2-533914616,S2-312901061,S2-399551093,S2-453966198,S3-142018847,S2-529499859,S2-796987570,S3-483725126,S2-316885787,S3-660152851,S2-8842860,S2-541216916,S2-771309098,S3-819409330,S2-843391341,S3-862647112,S3-141745771
S1-888660595	S2-799518762,S2-141221031,S3-266593461,S2-469053678,S3-242681581,S3-52643965,S3-155424544,S2-938751909,S2-268350287,S3-787106951,S2-732644861,S2-944034584,S2-51452780,S3-7583489,S3-59430361,S3-122720929,S3-656929940,S2-661447396,S2-512207784,S3-85657627,S2-889655547,S3-8729929,S3-783479770,S3-52014243,S2-404893639,S2-764582177,S3-38423361,S3-616057428,S2-25308912,S2-442371266,S2-7008144,S3-212219522,S3-525020258,S3-374457152,S3-958875688,S2-796896008,S3-221089349,S3-381848838,S2-235663501,S2-225591076,S3-402315140,S3-196683567,S2-460349346,S2-117160005,S3-900796005,S2-893346441,S2-872785304,S2-537119702,S2-967516039,S2-617517349
S1-684656443	S3-931275541,S2-281440983,S3-490641049,S2-773207666,S3-258029428,S3-916011637,S3-856840735,S3-98586585,S3-100420552,S3-546124242,S3-345099237,S2-757200822,S2-70132378,S2-804463632,S2-805480428,S3-56438343,S3-871667188,S3-328685264,S2-216817998,S2-938621071,S3-492208182,S2-110642059,S2-969197763,S2-830546016,S2-750498263,S2-129210428,S2-890816373,S3-877231202,S3-765106010,S2-803361325,S2-908146628,S3-82597735,S3-285723006,S3-162980756,S3-486524545,S3-613838745,S2-757414538,S3-721106240,S2-675211509,S2-24806139,S2-479257370,S2-624594603,S2-531063983,S3-985489073,S2-599848241,S3-126058963,S2-97353027,S3-266784256,S3-382553394,S2-45133615
S1-279914306	S2-747970909
S1-294547159	S2-285581762,S3-801779255,S3-802478494,S2-601836374,S3-241582223
S1-208973592	S3-135578226,S3-645496810,S3-832332012,S2-165827711,S2-709313151,S2-855232639,S2-660944239,S2-227483452,S3-733723854,S2-493638064,S2-687951786,S3-322395544,S3-913283402,S3-345925169,S3-717997902,S3-114331869,S3-207805752,S2-681858823,S2-276282436,S2-771849008,S2-393924485,S3-462860215,S2-168706843,S2-915659380,S3-995113389,S2-535073307,S3-571322741,S3-362730374,S3-697694886,S3-346661107,S3-955815747,S3-616957632,S3-714623551,S2-869266576,S2-696060012,S2-848122085,S2-300767403,S2-510648102,S2-814116478,S2-388873135,S2-344228837,S2-867504801,S2-706417333,S2-538282963,S3-436426683,S3-11117723,S3-67641834,S3-209266419,S2-645666052,S3-56166624
S1-859252896	S2-366086215,S2-372543645,S2-891161638,S3-843705282,S3-701556837,S2-466258036,S2-258055913,S2-317041456,S3-835109371,S3-641863887,S3-207650594,S3-811689149,S3-921400032,S2-363127554,S3-128015738,S3-575775520,S2-90290991,S2-627213938,S3-677449856,S2-866489300,S3-273865394,S3-558412122,S2-480449891,S3-627434514,S3-999755554,S3-799531551,S3-503155404,S2-461542638,S2-123325751,S3-205773445,S3-752712134,S3-408594982,S2-761626299,S3-82902231,S3-173425015,S3-984897726,S2-633875936,S3-780772750,S3-814615911,S3-465756932,S2-719095235,S3-658126375,S3-533244148,S2-984096750,S3-692392542,S3-852482544,S3-808707868,S3-9029584,S3-71307882,S3-909537484
S1-630223771	S3-632094114,S2-461511926,S2-391760564,S3-464668629,S2-334683868,S3-609587592,S3-447360005,S2-45879511,S3-208362327,S3-702188616,S2-804562070,S2-758161012,S2-859393404,S2-689709680,S3-902301361,S3-45909769,S2-435708705,S3-38121609,S2-519563562,S3-297922139,S3-215245983,S2-983770997,S3-81801951,S3-193323696,S2-138370537,S3-612395576,S3-995293178,S2-313157210,S2-892375737,S3-174456264,S3-52670376,S3-89714591,S2-671909075,S2-258538675,S2-891229210,S2-869085432,S3-412997124,S3-507319812,S2-199677790,S2-209049373,S2-589484792,S3-696096426,S2-933590123,S2-696666023,S3-439965397,S2-433444044,S2-890835044,S2-446560542,S3-28785119,S2-728912612
S1-223600564	S2-197916565,S3-280267613,S2-549240906,S3-468266474,S3-273550113,S2-68444561,S2-555477589,S3-396848830,S2-820206027,S3-694771863,S2-287446875,S3-136331191,S2-188057631,S2-421367465,S3-322801220,S3-240852235,S2-824659529,S2-383860263,S3-916317451,S3-736042342,S3-530364862,S2-75287578,S3-10360215,S3-23059630,S2-726592729,S3-14298805,S2-365590511,S2-975610901,S3-998458939,S3-945887760,S2-334221085,S2-400296273,S2-390763243,S2-87561691,S3-159849721,S2-681076125,S2-68992004,S3-256301498,S3-761763979,S2-451573254,S2-110354360,S2-633979292,S3-805683092,S2-897174269,S2-957208633,S2-578018797,S2-38838189,S3-69870787,S3-949335070,S3-876784061
S1-72918323	S2-12325608,S3-179297324,S2-828543833,S2-249572401,S2-385557139,S2-359067599,S2-259615272,S2-896071946,S2-582474931,S3-491167886,S3-434316060,S2-753765375,S3-824666803,S3-695022349,S3-35629079,S3-940073820,S3-541429958,S3-175554636,S3-22631898,S2-17534889,S2-508060692,S2-481530538,S2-524824700,S2-664587480,S2-630958658,S3-360409747,S3-203726307,S3-265464266,S3-768014070,S3-495364618,S3-803586897,S3-654819599,S3-982802486,S3-192689255,S3-247396086,S3-92306837,S3-785769014,S3-942961975,S2-958575230,S2-904018803,S2-597336376,S2-763932195,S2-847913587,S2-253970246,S2-109954131,S3-882503306,S2-143977320,S3-330855841,S3-549951550,S2-495511345
S1-754175313	S2-658710347,S3-122981629,S3-215302754,S3-412701641,S3-657717843,S3-792427877,S3-675498226,S3-737552486,S3-677895069,S3-156459582,S3-65677405,S2-119094407,S3-327218097,S3-274979049,S3-620673662,S3-699928396,S3-98312869,S2-873159988,S2-155543881,S2-176067022,S2-373310038,S2-435259495,S3-460272216,S2-888257063,S2-308446136,S2-327571873,S3-641527399,S3-664445292,S2-48665625,S3-646199425,S3-561014029,S3-941442736,S3-408588326,S3-551854961,S2-110494048,S3-313469450,S3-966700809,S2-953521619,S3-66931814,S2-924614101,S3-852826971,S3-759755446,S3-662429293,S2-407810251,S3-555658528,S2-876052646,S2-25371642,S2-74602461,S3-40636784,S3-134928503
S1-970518712	S3-849723066,S3-274560833,S3-287935470,S3-929432377,S3-770550956,S3-429241592,S3-767303189,S3-8489895,S2-172068253,S2-33458638,S2-814618831,S3-292153814,S2-546797754,S2-638752640,S3-360656384,S3-930836094,S3-151198430,S2-981808028,S2-654319744,S2-667778069,S3-961033379,S3-538842225,S3-471760029,S3-236246549,S3-697744870,S2-793519495,S3-301775236,S3-27989140,S3-737975450,S2-555778421,S3-112196264,S3-234405250,S3-347894791,S2-903523760,S2-773334206,S2-653305579,S3-497019871,S3-282273865,S2-782143287,S3-684396961,S3-128701195,S3-821997353,S3-91812739,S3-561600345,S3-110445026,S3-541596609,S3-286635944,S3-632139785,S3-519574701,S3-373767943
S1-366329737	S3-520134965,S2-594418258,S3-470752578,S3-845296458,S2-435833022,S2-19904779,S2-207318112,S2-53438970,S2-783135915,S2-335179101,S2-567736468,S2-815683978,S2-596763677,S2-457367534,S2-609770372,S2-392322638,S2-394278139,S2-722630084,S2-736004203,S2-264568866,S2-243411882,S2-255139086,S2-35485693,S2-597300085,S2-504625991,S2-307814014,S2-123557930,S2-92614867,S2-739316431,S2-738193423,S2-193207397,S2-365577425,S2-252175730,S2-906497122,S2-907066308,S2-67903339,S2-395940265,S2-449042708,S2-503389106,S2-710879656,S2-138032735,S2-897644938,S2-345935265,S2-962894686,S2-592116324,S2-524815440,S2-811189292,S2-711258277,S2-301770204,S2-189910559
S1-708796012	S3-113501098,S3-857349746,S2-28055141,S2-214685818,S2-685474908,S2-738815187,S2-681678003,S2-590685339,S3-848116607,S2-260948862,S3-534108116,S2-703236161,S2-45330682,S3-77835735,S2-553584658,S3-974157492,S3-685691145,S3-946000116,S3-87840904,S3-87948475,S2-950843934,S3-294451830,S2-85405007,S2-279920811,S3-313072985,S2-988817039,S2-315429039,S3-51227525,S2-269847114,S3-202774280,S3-269228373,S3-484536809,S2-274041894,S3-476585005,S3-708454242,S2-452517729,S2-701177030,S2-794685386,S2-200111002,S3-114031855,S3-627589920,S2-795964761,S2-788951694,S3-735761960,S2-851569606,S2-559243217,S3-363798596,S3-926585461,S2-445209588,S3-183261506
S1-935703127	S2-839058520,S3-375622208,S3-342470036,S2-893552964,S3-841393,S3-283025744,S2-942760839,S2-8447127,S2-838668477,S2-334230405,S3-376493142,S3-332631411,S2-991300397,S2-282693193,S2-261966838,S2-847940372,S2-464540305,S2-330762590,S2-611924304,S3-616934749,S3-32739397,S3-205824491,S2-145839041,S2-507732660,S3-691344556,S3-344596905,S2-727455402,S2-108544223,S2-97808708,S3-387971263,S3-170938619,S3-782415358,S3-804328587,S2-484350493,S2-68862952,S2-827804234,S3-944567558,S3-680507319,S2-151812132,S2-894970139,S3-349995080,S3-33279084,S3-13060138,S3-175569570,S3-11106353,S2-554755686,S3-923971680,S3-817387921,S3-663529059,S2-588782976
S1-981414798	S2-803345568,S2-687532914,S2-704610249,S3-492481345,S3-813518481,S3-149738442,S3-964789815,S3-473537635,S2-233994259,S2-114141172,S3-141360561,S2-314620588,S3-190261113,S3-998379654,S2-859722463,S2-887301668,S2-990511551,S2-414241629,S3-116071462,S3-862783494,S3-860149663,S3-308267771,S3-606340812,S3-55348880,S3-101340175,S2-932330453,S2-208050806,S3-869685413,S3-296005226,S3-156413114,S3-676458133,S3-430867251,S3-256608194,S2-613073521,S2-126469963,S2-228781620,S2-88261976,S2-428122664,S2-163653465,S3-80501754,S3-948073508,S3-657294178,S3-490753979,S2-519195354,S2-525479826,S2-4071361,S3-997781811,S3-948878536,S2-180096493,S2-244788119
S1-424529930	S3-513647452,S2-82100591,S2-856639211,S2-904116641,S3-138812043,S3-680455952,S3-979614146,S3-974050432,S2-431538080,S2-705995957,S3-839468969,S3-292020096,S3-178458628,S2-956920860,S2-744238419,S2-900909086,S2-591022502,S2-695629777,S2-721524550,S2-214109672,S2-925046867,S3-491202653,S3-878462726,S3-674434941,S3-586550253,S3-268765981,S3-598621560,S3-79949561,S2-571760244,S2-823158101,S2-390284999,S2-837693604,S2-887530944,S2-696464237,S2-990838566,S2-219055798,S2-34975402,S2-225682926,S3-843604231,S3-954382755,S3-507909760,S3-610945001,S3-950135064,S3-981814713,S3-284960133,S3-522098939,S3-897146893,S3-933164194,S3-351690034,S3-473155989
S1-912508322	S3-164901300,S3-471697968,S2-749136639,S2-732911972,S2-334957677,S2-265073681,S2-361992349,S3-322548753,S2-959829480,S2-914742278,S3-721560462,S3-298197372,S2-263064259,S2-595016903,S3-168755194,S2-707647662,S3-3063835,S2-306959290,S3-328531219,S2-467293682,S3-109725613,S3-470095485,S3-900932125,S2-947611172,S2-55782981,S3-794038819,S2-218319090,S3-329371731,S3-990329687,S2-468379105,S2-439407456,S3-741025075,S3-93337671,S2-288354060,S3-162390015,S3-117040378,S3-434009370,S2-54337145,S2-692214344,S2-183082967,S2-963600857,S2-847065079,S3-227367204,S3-282528639,S3-196910045,S3-821729287,S3-756067527,S2-755295402,S3-709486804,S2-638803013
S1-846028981	S2-452477418,S3-363878709,S3-78080276,S3-277196848,S3-915141752,S3-401536367,S2-568139048,S2-803699404,S3-706874023,S3-106762883,S3-279737157,S2-775855288,S3-409011412,S3-635330059,S3-673099833,S2-43067385,S2-51279652,S2-611737740,S2-506351627,S2-386978885,S2-88092110,S2-158461824,S3-605194284,S2-321162266,S2-684639733,S2-70729267,S2-174448460,S3-246579013,S3-793049666,S2-965730531,S2-160014505,S3-250675512,S3-473512786,S2-558737337,S3-426225216,S3-272420580,S3-282479140,S3-713004048,S2-862012345,S3-692464342,S3-953214957,S2-186150761,S2-709319863,S2-557594507,S3-112061534,S3-760652892,S3-346924593,S3-354134985,S2-288302912,S3-947747947
S1-318218643	S3-142901986,S2-495540357,S3-197810070,S2-378065279,S2-487235027,S2-34218481,S2-889919728,S2-299214820,S2-60052366,S3-597793899,S3-492516478
S1-970972284	S2-992143565,S2-225254974,S2-597456875,S2-576736877,S2-711391803,S2-296485317,S2-695972003,S2-717569215,S2-470987840,S2-264289672,S2-757476124,S2-172029537,S2-812996586,S2-633061036,S3-14785846,S3-877517249,S3-428074384,S3-555212988,S3-383869600,S3-429229027,S3-165356392,S3-701046680,S3-272546921,S3-90716022,S3-611863096,S3-488325945,S3-902471481,S3-41513148,S3-243483093,S3-983621156,S3-281961949,S3-161098045,S3-464870165,S3-239878683,S3-814636848,S3-190077219,S3-936191470,S3-871729267,S3-421734187,S3-370969203,S3-39991819,S3-435061046,S3-572475511,S3-619163568,S3-500865532,S3-775469813,S2-650174457,S2-285539401,S2-749120800,S2-715522197
S1-435587816	S2-647226257,S3-361957744,S2-600565084,S3-915899709,S3-575218789,S3-259152743,S3-280164901,S3-565544636,S2-299563092,S2-201816309,S2-891410464,S2-500538186,S2-954439082,S2-169539679,S3-662115867,S2-489659364,S2-640842392,S2-7060264,S3-912118669,S3-832117033,S3-486498115,S2-866358402,S3-596476827,S3-145367286,S2-797826599,S3-662405646,S2-198643305,S2-436990280,S2-641107532,S2-872093231,S2-239071891,S3-221855364,S2-377350240
S1-544301808	S3-188100337,S2-764118736,S2-507328202,S2-681791787,S2-893885704,S2-912426967,S2-961273986,S2-52260911,S2-139089939,S2-880137852,S2-555285965,S2-802765391,S2-635864801,S2-324262518,S2-502487119,S2-416772664,S2-128292664,S2-586216736,S2-667938539,S2-555919468,S2-181470425,S2-9137928,S2-818761470,S2-495376007,S2-456046637,S2-796051152,S2-674707334,S2-392977109,S2-500333073,S2-683518071,S2-912757931,S2-206571434,S2-120804986,S2-173548088,S2-604850699,S2-715742756,S2-349736093,S2-223515314,S2-463959030,S2-939719365,S2-735720559,S2-192487275,S2-216138393,S2-140825062,S2-183206280,S2-887907201,S2-637653526,S2-515553823,S2-121951839,S2-489199200
S1-20267366	S2-643766293,S2-245527355,S3-183226566,S2-826071100,S2-607233964,S2-435985356,S3-827557444,S3-565592082,S3-850651912,S3-150414041,S2-305803240,S2-84553479,S3-478648240,S3-551888874,S3-765251370,S3-527476569,S3-132626223,S3-427873687,S2-881833302,S2-426776910,S2-247712154,S3-530377027,S3-34447213,S2-669441426,S2-762189226,S3-443768797,S3-186123598,S2-192903426,S2-429239758,S2-510303672,S3-710849249,S3-358437239,S2-335149192,S2-865792495,S3-2591869,S3-831905423,S3-844977484,S2-470103059,S3-346135202,S2-157620494,S2-957404646,S3-616097936,S3-446224540,S3-82737921,S2-531291423,S3-58430653,S2-525115954,S2-62796548,S2-946962024,S2-297655729
S1-379918793	S3-828378650,S2-709937784,S3-892144272,S3-633531276,S3-166843468,S2-782043007,S2-650895240,S3-848107598,S3-608974632,S2-591724325,S3-94518880,S2-507812634,S3-111241518,S3-91163654,S3-297332895,S3-696570786,S3-874115784,S2-254654476,S2-244405943,S2-647349139,S2-219340409,S3-696761907,S2-514626707,S2-275631487,S2-498964918,S3-291584663,S2-725260862,S3-922322289,S3-368271833,S2-685823174,S2-931924265,S3-86431376,S3-867538539,S3-570740730,S3-988404875,S2-871661342,S2-659093130,S3-921047284,S3-115203582,S3-242178048,S3-297240345,S3-115423893,S3-479420279,S3-99793710,S2-731732658,S2-286015093,S3-715255349,S3-269733481,S2-470674575,S2-846777234
S1-106221717	S2-118894794,S2-368346313,S2-814214714,S2-232141989,S2-351064691,S2-301184601,S2-923237242,S2-224994367,S2-3469189,S2-41990062,S2-825629662,S2-287527,S2-241661228,S2-694879618,S3-578990265,S3-824913225,S3-880651084,S3-453227011,S3-898363331,S3-414201538,S3-322983817,S3-661404097,S3-107544194,S3-164426026,S3-880739670,S3-289590174,S3-369676057,S3-805062514,S3-359705474,S3-628708625,S3-291987487,S3-611572071,S3-150099294,S3-964447377,S3-210763826,S3-603299595,S3-229520770,S3-657744463,S3-948061416,S3-743434658,S3-515267151,S3-696503301,S3-378318492,S3-371487273,S3-393027913,S3-744797083,S2-183515168,S2-375735692,S2-65733457,S2-570280793
S1-800482427	S3-112989764,S2-486665478,S2-37946265,S3-996088804,S3-22228357,S3-338689364
S1-846529766	S2-786348574,S2-944563,S3-959205448,S2-133143908,S2-57158159,S2-638941979,S3-828211576,S2-769592756
S1-761874846	S3-527332992,S2-661356415,S2-495509541,S2-379955564,S3-720746136,S3-498742004,S3-981164484,S3-767190603,S2-752392759,S3-971109776,S2-151139303,S2-1135915,S2-493071507,S3-705748735,S3-363158354,S3-11613135,S3-768876073,S3-842848694,S3-720765935,S2-323650705,S2-688967943,S2-525276996,S2-207085747,S2-879928133,S2-541815143,S2-341299077,S3-268053900,S3-925532373,S3-917115899,S3-684028699,S3-574987848,S3-187495328,S2-775065574,S2-913643313,S2-762913980,S2-780930209,S3-886633714,S3-169681945,S3-165760597,S3-676998274,S2-263252563,S2-951645790,S2-344021741,S2-335251046,S3-628992944,S3-633488207,S3-458882774,S2-717138044,S2-39884642,S2-521082616
S1-703200453	S3-889038416,S3-485763252
S1-746273151	S2-284175478,S2-982096799,S2-322828689,S3-552932798,S3-596022174,S2-82443434,S2-297719005,S3-720019023,S3-540465132,S2-304691831,S2-904109958,S2-984060297,S3-177440435,S3-63069888,S3-305943421,S3-344685449,S3-519770438,S3-538882911,S2-960631738,S3-276136955,S2-466578701,S2-446562723,S2-769594899,S3-703914387,S3-940338676,S2-599051211,S3-594658624,S2-675574608,S3-22668110,S3-314351492,S2-250055144,S2-757494135,S3-524704366,S2-597770411,S2-580677442,S3-993951661,S2-347286821,S2-401446585,S3-376277282,S3-802594303,S2-597044715,S2-513871100,S2-530060423,S2-434641827,S2-358448235,S2-600204716,S3-106387905,S3-295565846,S2-446227464,S2-865676915
