source1_entity_id	matched_entity_ids
S1-925783039	S3-997698194,S2-157377754,S3-723332133
S1-773889195	S2-374107005,S2-970528089,S2-461393755
S1-377745466	S2-247379994,S2-203037501,S3-402918963,S3-836170816
S1-133037285	
S1-755362802	
S1-851869949	
S1-785847572	S3-948163592,S2-682432196
S1-27541239	S2-85756610,S3-893131105
S1-629417405	S3-962449159,S3-786131946,S2-522538408,S3-457116148
S1-22305073	S3-183589405
S1-504790211	S3-582752221
S1-564729135	
S1-236312382	S2-69010626
S1-865131206	
S1-626914593	
S1-765734254	S2-156753828,S3-392778993,S3-799567902
S1-82053739	
S1-309349399	
S1-221443075	S2-861061618
S1-341506266	S3-444516861,S3-131864962
S1-990319941	
S1-597762257	
S1-661315962	S3-558516991,S2-721569708
S1-716574008	S3-678385750,S2-233999366,S2-777687839
S1-985038901	
S1-404435514	
S1-252242682	S2-456524607,S3-527367881,S2-84842746,S2-167308687,S2-568363011
S1-981440385	S3-345144200,S2-198083311,S2-374912494
S1-883973644	
S1-17666546	
S1-513115995	S2-280138829
S1-791217329	
S1-602913883	S3-956365580
S1-401372098	S2-205646360
S1-796227187	S2-356053713
S1-945437722	S2-337628826,S3-711177940
S1-982210261	S3-580369108
S1-976369483	S2-984109039,S3-960615760,S2-268873536
S1-370715897	
S1-27029362	
S1-145829425	S3-898064155,S2-561844758,S2-597547471,S3-171820397
S1-993527714	
S1-965555167	
S1-151608539	
S1-714672596	S2-854349142
S1-134898809	S2-733711701
S1-500841209	S3-480315753
S1-855787505	S3-24584995
S1-277072715	
S1-269656551	S3-637610456
S1-356020591	S3-915599795,S3-322334586
S1-627144525	
S1-514155563	
S1-942221484	S2-575424170,S3-686152183
S1-966462381	S3-910178682,S3-816720679
S1-681392030	S3-51004437,S3-340243016,S3-476447318,S2-23749271
S1-492467148	
S1-791867209	
S1-951599976	S2-227003925
S1-315450523	S2-945125430
S1-666876590	S3-20969768,S3-847656632
S1-913301865	S2-501080638,S2-871917871,S3-835772436
S1-216181354	
S1-454111437	S2-617784610,S2-790403370
S1-960158214	S3-414038428,S2-552343324
S1-743171772	
S1-965549055	
S1-947119891	
S1-511561869	S3-223470686,S3-526947744,S3-195462157,S2-414560620
S1-302710833	S3-77639341
S1-888660595	S3-783479770
S1-684656443	
S1-279914306	S2-747970909
S1-294547159	S2-601836374,S3-241582223
S1-208973592	S3-135578226,S3-645496810,S2-165827711
S1-859252896	
S1-630223771	
S1-223600564	
S1-72918323	S3-179297324
S1-754175313	
S1-970518712	S3-849723066
S1-366329737	S3-845296458
S1-708796012	S3-946000116
S1-935703127	
S1-981414798	
S1-424529930	S2-856639211
S1-912508322	S2-334957677,S2-263064259
S1-846028981	S3-473512786
S1-318218643	S3-492516478
S1-970972284	S3-464870165
S1-435587816	S2-647226257,S3-361957744
S1-544301808	S3-188100337
S1-20267366	
S1-379918793	
S1-106221717	
S1-800482427	S3-22228357,S3-338689364
S1-846529766	S3-959205448,S2-133143908
S1-761874846	
S1-703200453	S3-485763252
S1-746273151	
